Ticker,Denominação social,Nome de pregão,CNPJ,
AALR3,Alliar,CENTRO DE IMAGEM DIAGNOSTICOS S.A.,42.771.949/0001-35,42771949000135
ABCB4,Abc Brasil,BCO ABC BRASIL S.A.,28.195.667/0001-06,28195667000106
ABEV3,Ambev S/A,AMBEV S.A.,07.526.557/0001-00,7526557000100
AERI3,Aeris,AERIS IND. E COM. DE EQUIP. GERACAO DE ENERGIA S/A,12.528.708/0001-07,12528708000107
AESB3,AES Brasil,AES BRASIL ENERGIA S.A.,37.663.076/0001-07,37663076000107
AESO3,Aesoperacoes,AES BRASIL OPERAÇÕES SA ,00.194.724/0001-13,194724000113
AFLT3,Afluente T,AFLUENTE TRANSMISSÃO DE ENERGIA ELÉTRICA S/A,10.338.320/0001-00,10338320000100
AGRO3,Brasilagro,BRASILAGRO – CIA BRAS DE PROP AGRICOLAS,07.628.528/0001-59,7628528000159
AGXY3,Agrogalaxy,AGROGALAXY PARTICIPAÇÕES S.A.,21.240.146/0001-84,21240146000184
AHEB3,SPturis,SAO PAULO TURISMO S.A.,62.002.886/0001-60,62002886000160
AHEB5,SPturis,SAO PAULO TURISMO S.A.,62.002.886/0001-60,62002886000160
AHEB6,SPturis,SAO PAULO TURISMO S.A.,62.002.886/0001-60,62002886000160
ALLD3,Allied,ALLIED TECNOLOGIA S.A.,20.247.322/0001-47,20247322000147
ALPA3,Alpargatas,ALPARGATAS S.A.,61.079.117/0001-05,61079117000105
ALPA4,Alpargatas,ALPARGATAS S.A.,61.079.117/0001-05,61079117000105
ALPK3,Estapar,ALLPARK EMPREENDIMENTOS PARTICIPACOES SERVICOS S.A,60.537.263/0001-66,60537263000166
ALSO3,Alianscsonae,ALIANSCE SONAE SHOPPING CENTERS S.A.,05.878.397/0001-32,5878397000132
ALUP11,Alupar,ALUPAR INVESTIMENTO S/A,08.364.948/0001-38,8364948000138
ALUP3,Alupar,ALUPAR INVESTIMENTO S/A,08.364.948/0001-38,8364948000138
ALUP4,Alupar,ALUPAR INVESTIMENTO S/A,08.364.948/0001-38,8364948000138
AMAR3,Lojas Marisa,MARISA LOJAS S.A.,61.189.288/0001-89,61189288000189
AMBP3,Ambipar,AMBIPAR PARTICIPACOES E EMPREENDIMENTOS S/A,12.648.266/0001-24,12648266000124
AMER3,Americanas,AMERICANAS S.A,00.776.574/0001-56,776574000156
ANIM3,Anima,ANIMA HOLDING S.A.,09.288.252/0001-32,9288252000132
APER3,Alper S.A.,ALPER CONSULTORIA E CORRETORA DE SEGUROS S.A.,11.721.921/0001-60,11721921000160
APTI3,Aliperti,SIDERURGICA J. L. ALIPERTI S.A.,61.156.931/0001-78,61156931000178
APTI4,Aliperti,SIDERURGICA J. L. ALIPERTI S.A.,61.156.931/0001-78,61156931000178
ARML3,Armac,ARMAC LOCAÇÃO. LOGÍSTICA E SERVIÇOS S.A.,00.242.184/0001-04,242184000104
ARZZ3,Arezzo Co,AREZZO INDÚSTRIA E COMÉRCIO S.A.,16.590.234/0001-76,16590234000176
ASAI3,Assai,SENDAS DISTRIBUIDORA S.A.,06.057.223/0001-71,6057223000171
ATMP3,Atmasa,ATMA PARTICIPAÇÕES S.A.,04.032.433/0001-80,4032433000180
ATOM3,Atompar,ATOM EMPREENDIMENTOS E PARTICIPAÇÕES S.A.,00.359.742/0001-08,359742000108
AURA33,Aura 360,AURA MINERALS INC.,07.857.093/0001-14,7857093000114
AURE3,AUREN,AUREN ENERGIA S.A.,28.594.234/0001-23,28594234000123
AVLL3,Alphaville,ALPHAVILLE S.A.,16.811.931/0001-00,16811931000100
AZEV3,Azevedo,AZEVEDO E TRAVASSOS S.A.,61.351.532/0001-68,61351532000168
AZEV4,Azevedo,AZEVEDO E TRAVASSOS S.A.,61.351.532/0001-68,61351532000168
AZUL4,Azul,AZUL S.A.,09.305.994/0001-29,9305994000129
B3SA3,B3,"B3 S.A. – BRASIL, BOLSA, BALCÃO",09.346.601/0001-25,9346601000125
BAHI3,Bahema,BAHEMA EDUCAÇÃO S.A.,45.987.245/0001-92,45987245000192
BALM3,Baumer,BAUMER S.A.,61.374.161/0001-30,61374161000130
BALM4,Baumer,BAUMER S.A.,61.374.161/0001-30,61374161000130
BAUH3,Excelsior,EXCELSIOR ALIMENTOS S.A.,95.426.862/0001-97,95426862000197
BAUH4,Excelsior,EXCELSIOR ALIMENTOS S.A.,95.426.862/0001-97,95426862000197
BAZA3,Amazonia,BCO AMAZONIA S.A.,04.902.979/0001-44,4902979000144
BBAS3,Brasil,BCO BRASIL S.A.,00.000.000/0001-91,191
BBDC3,Bradesco,BCO BRADESCO S.A.,60.746.948/0001-12,60746948000112
BBDC4,Bradesco,BCO BRADESCO S.A.,60.746.948/0001-12,60746948000112
BBML3,Bbmlogistica,BBM LOGISTICA S.A.,01.107.327/0001-20,1107327000120
BBSE3,BBSeguridade,BB SEGURIDADE PARTICIPAÇÕES S.A.,17.344.597/0001-94,17344597000194
BDLL3,Bardella,BARDELLA S.A. INDUSTRIAS MECANICAS,60.851.615/0001-53,60851615000153
BDLL4,Bardella,BARDELLA S.A. INDUSTRIAS MECANICAS,60.851.615/0001-53,60851615000153
BEEF3,Minerva,MINERVA S.A.,67.620.377/0001-14,67620377000114
BEES3,Banestes,BANESTES S.A. – BCO EST ESPIRITO SANTO,28.127.603/0001-78,28127603000178
BEES4,Banestes,BANESTES S.A. – BCO EST ESPIRITO SANTO,28.127.603/0001-78,28127603000178
BETP3B,Betapart,BETAPART PARTICIPACOES S.A.,02.762.124/0001-30,2762124000130
BGIP3,Banese,BCO ESTADO DE SERGIPE S.A. – BANESE,13.009.717/0001-46,13009717000146
BGIP4,Banese,BCO ESTADO DE SERGIPE S.A. – BANESE,13.009.717/0001-46,13009717000146
BIOM3,Biomm,BIOMM S.A.,04.752.991/0001-10,4752991000110
BLAU3,Blau,BLAU FARMACÊUTICA S.A.,58.430.828/0001-60,58430828000160
BMEB3,Merc Brasil,BCO MERCANTIL DO BRASIL S.A.,17.184.037/0001-10,17184037000110
BMEB4,Merc Brasil,BCO MERCANTIL DO BRASIL S.A.,17.184.037/0001-10,17184037000110
BMGB4,Banco BMG,BANCO BMG S.A.,61.186.680/0001-74,61186680000174
BMIN3,Merc Invest,BCO MERCANTIL DE INVESTIMENTOS S.A.,34.169.557/0001-72,34169557000172
BMIN4,Merc Invest,BCO MERCANTIL DE INVESTIMENTOS S.A.,34.169.557/0001-72,34169557000172
BMKS3,Bic Monark,BICICLETAS MONARK S.A.,56.992.423/0001-90,56992423000190
BMOB3,Bemobi Tech,BEMOBI MOBILE TECH S.A.,09.042.817/0001-05,9042817000105
BNBR3,Nord Brasil,BCO NORDESTE DO BRASIL S.A.,07.237.373/0001-20,7237373000120
BOAS3,Boa Vista,BOA VISTA SERVIÇOS S.A.,11.725.176/0001-27,11725176000127
BOBR3,Bombril,BOMBRIL S.A.,50.564.053/0001-03,50564053000103
BOBR4,Bombril,BOMBRIL S.A.,50.564.053/0001-03,50564053000103
BPAC11,Btgp Banco,BCO BTG PACTUAL S.A.,30.306.294/0001-45,30306294000145
BPAC3,Btgp Banco,BCO BTG PACTUAL S.A.,30.306.294/0001-45,30306294000145
BPAC5,Btgp Banco,BCO BTG PACTUAL S.A.,30.306.294/0001-45,30306294000145
BPAN12,Banco Pan,BCO PAN S.A.,59.285.411/0001-13,59285411000113
BPAN4,Banco Pan,BCO PAN S.A.,59.285.411/0001-13,59285411000113
BPAR3,Banpara,BCO ESTADO DO PARA S.A.,04.913.711/0001-08,4913711000108
BRAP3,Bradespar,BRADESPAR S.A.,03.847.461/0001-92,3847461000192
BRAP4,Bradespar,BRADESPAR S.A.,03.847.461/0001-92,3847461000192
BRBI11,BR Partners,BR ADVISORY PARTNERS PARTICIPAÇÕES S.A.,10.739.356/0001-03,10739356000103
BRFS3,BRF SA,BRF S.A.,01.838.723/0001-27,1838723000127
BRGE11,Alfa Consorc,CONSORCIO ALFA DE ADMINISTRACAO S.A.,17.193.806/0001-46,17193806000146
BRGE12,Alfa Consorc,CONSORCIO ALFA DE ADMINISTRACAO S.A.,17.193.806/0001-46,17193806000146
BRGE3,Alfa Consorc,CONSORCIO ALFA DE ADMINISTRACAO S.A.,17.193.806/0001-46,17193806000146
BRGE5,Alfa Consorc,CONSORCIO ALFA DE ADMINISTRACAO S.A.,17.193.806/0001-46,17193806000146
BRGE6,Alfa Consorc,CONSORCIO ALFA DE ADMINISTRACAO S.A.,17.193.806/0001-46,17193806000146
BRGE7,Alfa Consorc,CONSORCIO ALFA DE ADMINISTRACAO S.A.,17.193.806/0001-46,17193806000146
BRGE8,Alfa Consorc,CONSORCIO ALFA DE ADMINISTRACAO S.A.,17.193.806/0001-46,17193806000146
BRIT3,Brisanet,BRISANET PARTICIPAÇÕES S.A.,19.796.586/0001-70,19796586000170
BRIV3,Alfa Invest,BCO ALFA DE INVESTIMENTO S.A.,60.770.336/0001-65,60770336000165
BRIV4,Alfa Invest,BCO ALFA DE INVESTIMENTO S.A.,60.770.336/0001-65,60770336000165
BRKM3,Braskem,BRASKEM S.A.,42.150.391/0001-70,42150391000170
BRKM5,Braskem,BRASKEM S.A.,42.150.391/0001-70,42150391000170
BRKM6,Braskem,BRASKEM S.A.,42.150.391/0001-70,42150391000170
BRPR3,BR Propert,BR PROPERTIES S.A.,06.977.751/0001-49,6977751000149
BRQB3,Brq,BRQ SOLUCOES EM INFORMATICA S.A.,36.542.025/0001-64,36542025000164
BRSR3,Banrisul,BCO ESTADO DO RIO GRANDE DO SUL S.A.,92.702.067/0001-96,92702067000196
BRSR5,Banrisul,BCO ESTADO DO RIO GRANDE DO SUL S.A.,92.702.067/0001-96,92702067000196
BRSR6,Banrisul,BCO ESTADO DO RIO GRANDE DO SUL S.A.,92.702.067/0001-96,92702067000196
BSLI3,BRB Banco,BRB BCO DE BRASILIA S.A.,00.000.208/0001-00,208000100
BSLI4,BRB Banco,BRB BCO DE BRASILIA S.A.,00.000.208/0001-00,208000100
CABI3B,Cabinda Part,CABINDA PARTICIPACOES S.A.,04.030.182/0001-02,4030182000102
CALI3,Const A Lind,CONSTRUTORA ADOLPHO LINDENBERG S.A.,61.022.042/0001-18,61022042000118
CAMB3,Cambuci,CAMBUCI S.A.,61.088.894/0001-08,61088894000108
CAML3,Camil,CAMIL ALIMENTOS S.A.,64.904.295/0001-03,64904295000103
CASH3,Meliuz,MÉLIUZ S.A.,14.110.585/0001-07,14110585000107
CASN3,Casan,CIA CATARINENSE DE AGUAS E SANEAM.-CASAN,82.508.433/0001-17,82508433000117
CASN4,Casan,CIA CATARINENSE DE AGUAS E SANEAM.-CASAN,82.508.433/0001-17,82508433000117
CATA3,Ind Cataguas,CIA INDUSTRIAL CATAGUASES,19.526.748/0001-50,19526748000150
CATA4,Ind Cataguas,CIA INDUSTRIAL CATAGUASES,19.526.748/0001-50,19526748000150
CBAV3,Cba,COMPANHIA BRASILEIRA DE ALUMÍNIO,61.409.892/0001-73,61409892000173
CBEE3,Ampla Energ,AMPLA ENERGIA E SERVICOS S.A.,33.050.071/0001-58,33050071000158
CCRO3,CCR SA,CCR S.A.,02.846.056/0001-97,2846056000197
CEAB3,Cea Modas,CEA MODAS S.A.,45.242.914/0001-05,45242914000105
CEBR3,Ceb,CIA ENERGETICA DE BRASILIA,00.070.698/0001-11,70698000111
CEBR5,Ceb,CIA ENERGETICA DE BRASILIA,00.070.698/0001-11,70698000111
CEBR6,Ceb,CIA ENERGETICA DE BRASILIA,00.070.698/0001-11,70698000111
CEDO3,Cedro,CIA FIACAO TECIDOS CEDRO CACHOEIRA,17.245.234/0001-00,17245234000100
CEDO4,Cedro,CIA FIACAO TECIDOS CEDRO CACHOEIRA,17.245.234/0001-00,17245234000100
CEEB3,Coelba,CIA ELETRICIDADE EST. DA BAHIA – COELBA,15.139.629/0001-94,15139629000194
CEEB5,Coelba,CIA ELETRICIDADE EST. DA BAHIA – COELBA,15.139.629/0001-94,15139629000194
CEEB6,Coelba,CIA ELETRICIDADE EST. DA BAHIA – COELBA,15.139.629/0001-94,15139629000194
CEED3,Ceee-D,CIA ESTADUAL DE DISTRIB ENER ELET-CEEE-D,08.467.115/0001-00,8467115000100
CEED4,Ceee-D,CIA ESTADUAL DE DISTRIB ENER ELET-CEEE-D,08.467.115/0001-00,8467115000100
CEGR3,Ceg,CIA DISTRIB DE GAS DO RIO DE JANEIRO-CEG,33.938.119/0001-69,33938119000169
CGAS3,Comgas,CIA GAS DE SAO PAULO – COMGAS,61.856.571/0001-17,61856571000117
CGAS5,Comgas,CIA GAS DE SAO PAULO – COMGAS,61.856.571/0001-17,61856571000117
CGRA3,Grazziotin,GRAZZIOTIN S.A.,92.012.467/0001-70,92012467000170
CGRA4,Grazziotin,GRAZZIOTIN S.A.,92.012.467/0001-70,92012467000170
CIEL3,Cielo,CIELO S.A.,01.027.058/0001-91,1027058000191
CLSA3,Clearsale,CLEAR SALE S.A.,03.802.115/0001-98,3802115000198
CLSC3,Celesc,CENTRAIS ELET DE SANTA CATARINA S.A.,83.878.892/0001-55,83878892000155
CLSC4,Celesc,CENTRAIS ELET DE SANTA CATARINA S.A.,83.878.892/0001-55,83878892000155
CMIG3,Cemig,CIA ENERGETICA DE MINAS GERAIS – CEMIG,17.155.730/0001-64,17155730000164
CMIG4,Cemig,CIA ENERGETICA DE MINAS GERAIS – CEMIG,17.155.730/0001-64,17155730000164
CMIN3,Csn Mineracao,CSN MINERAÇÃO S.A.,08.902.291/0001-15,8902291000115
CMSA3,Cims,CIMS S.A.,00.272.185/0001-93,272185000193
CMSA4,Cims,CIMS S.A.,00.272.185/0001-93,272185000193
CNSY3,Cinesystem,CINESYSTEM S.A.,07.437.016/0001-05,7437016000105
COCE3,Coelce,CIA ENERGETICA DO CEARA – COELCE,07.047.251/0001-70,7047251000170
COCE5,Coelce,CIA ENERGETICA DO CEARA – COELCE,07.047.251/0001-70,7047251000170
COCE6,Coelce,CIA ENERGETICA DO CEARA – COELCE,07.047.251/0001-70,7047251000170
COGN3,Cogna ON,COGNA EDUCAÇÃO S.A.,02.800.026/0001-40,2800026000140
COMR3,Comerc,COMERC PARTICIPACOES S.A,25.369.840/0001-57,25369840000157
CORR3,Cor Ribeiro,CORREA RIBEIRO S.A. COMERCIO E INDUSTRIA,15.101.405/0001-93,15101405000193
CORR4,Cor Ribeiro,CORREA RIBEIRO S.A. COMERCIO E INDUSTRIA,15.101.405/0001-93,15101405000193
CPFE3,CPFL Energia,CPFL ENERGIA S.A.,02.429.144/0001-93,2429144000193
CPLE11,Copel,CIA PARANAENSE DE ENERGIA – COPEL,76.483.817/0001-20,76483817000120
CPLE3,Copel,CIA PARANAENSE DE ENERGIA – COPEL,76.483.817/0001-20,76483817000120
CPLE5,Copel,CIA PARANAENSE DE ENERGIA – COPEL,76.483.817/0001-20,76483817000120
CPLE6,Copel,CIA PARANAENSE DE ENERGIA – COPEL,76.483.817/0001-20,76483817000120
CRDE3,Cr2,CR2 EMPREENDIMENTOS IMOBILIARIOS S.A.,07.820.907/0001-46,7820907000146
CRFB3,Carrefour BR,ATACADÃO S.A.,75.315.333/0001-09,75315333000109
CRIV3,Alfa Financ,FINANCEIRA ALFA S.A.- CRED FINANC E INVS,17.167.412/0001-13,17167412000113
CRIV4,Alfa Financ,FINANCEIRA ALFA S.A.- CRED FINANC E INVS,17.167.412/0001-13,17167412000113
CRPG3,Cristal,TRONOX PIGMENTOS DO BRASIL S.A.,15.115.504/0001-24,15115504000124
CRPG5,Cristal,TRONOX PIGMENTOS DO BRASIL S.A.,15.115.504/0001-24,15115504000124
CRPG6,Cristal,TRONOX PIGMENTOS DO BRASIL S.A.,15.115.504/0001-24,15115504000124
CRTE3B,Conc Rio Ter,CONC RIO-TERESOPOLIS S.A.,00.938.574/0001-05,938574000105
CRTE5B,Conc Rio Ter,CONC RIO-TERESOPOLIS S.A.,00.938.574/0001-05,938574000105
CSAB3,Seg Al Bahia,CIA SEGUROS ALIANCA DA BAHIA,15.144.017/0001-90,15144017000190
CSAB4,Seg Al Bahia,CIA SEGUROS ALIANCA DA BAHIA,15.144.017/0001-90,15144017000190
CSAN3,Cosan,COSAN S.A.,50.746.577/0001-15,50746577000115
CSED3,Cruzeiro Edu,CRUZEIRO DO SUL EDUCACIONAL S.A.,62.984.091/0001-02,62984091000102
CSMG3,Copasa,CIA SANEAMENTO DE MINAS GERAIS-COPASA MG,17.281.106/0001-03,17281106000103
CSNA3,Sid Nacional,CIA SIDERURGICA NACIONAL,33.042.730/0001-04,33042730000104
CSRN3,Cosern,CIA ENERGETICA DO RIO GDE NORTE – COSERN,08.324.196/0001-81,8324196000181
CSRN5,Cosern,CIA ENERGETICA DO RIO GDE NORTE – COSERN,08.324.196/0001-81,8324196000181
CSRN6,Cosern,CIA ENERGETICA DO RIO GDE NORTE – COSERN,08.324.196/0001-81,8324196000181
CSUD3,CSU DIGITAL,CSU DIGITAL S.A.,01.896.779/0001-38,1896779000138
CTCA3,Ctc S.A.,CTC – CENTRO DE TECNOLOGIA CANAVIEIRA S.A.,06.981.381/0001-13,6981381000113
CTKA3,Karsten,KARSTEN S.A.,82.640.558/0001-04,82640558000104
CTKA4,Karsten,KARSTEN S.A.,82.640.558/0001-04,82640558000104
CTNM3,Coteminas,CIA TECIDOS NORTE DE MINAS COTEMINAS,22.677.520/0001-76,22677520000176
CTNM4,Coteminas,CIA TECIDOS NORTE DE MINAS COTEMINAS,22.677.520/0001-76,22677520000176
CTSA3,Santanense,CIA TECIDOS SANTANENSE,21.255.567/0001-89,21255567000189
CTSA4,Santanense,CIA TECIDOS SANTANENSE,21.255.567/0001-89,21255567000189
CURY3,Cury S/A,CURY CONSTRUTORA E INCORPORADORA S.A.,08.797.760/0001-83,8797760000183
CVCB3,Cvc Brasil,CVC BRASIL OPERADORA E AGÊNCIA DE VIAGENS S.A.,10.760.260/0001-19,10760260000119
CXSE3,Caixa Seguri,CAIXA SEGURIDADE PARTICIPAÇÕES S.A.,22.543.331/0001-00,22543331000100
CYRE3,Cyrela Realt,CYRELA BRAZIL REALTY S.A.EMPREEND E PART,73.178.600/0001-18,73178600000118
DASA3,Dasa,DIAGNOSTICOS DA AMERICA S.A.,61.486.650/0001-83,61486650000183
DESK3,Desktopsigma,DESKTOP - SIGMANET COMUNICAÇÃO MULTIMÍDIA S.A,08.170.849/0001-15,8170849000115
DEXP3,Dexxos Par,DEXXOS PARTICIPACOES S.A.,02.193.750/0001-52,2193750000152
DEXP4,Dexxos Par,DEXXOS PARTICIPACOES S.A.,02.193.750/0001-52,2193750000152
DIRR3,Direcional,DIRECIONAL ENGENHARIA S.A.,16.614.075/0001-00,16614075000100
DMFN3,DMFINANCEIRA,DM FINANCEIRA S.A. - CRÉDITO. FINANC E INVEST,91.669.747/0001-92,91669747000192
DMVF3,D1000vfarma,D1000 VAREJO FARMA PARTICIPAÇÕES S.A.,12.108.897/0001-50,12108897000150
DOHL3,Dohler,DOHLER S.A.,84.683.408/0001-03,84683408000103
DOHL4,Dohler,DOHLER S.A.,84.683.408/0001-03,84683408000103
DOTZ3,Dotz SA,DOTZ S.A.,18.174.270/0001-84,18174270000184
DTCY3,Dtcom Direct,DTCOM – DIRECT TO COMPANY S.A.,03.303.999/0001-36,3303999000136
DTCY4,Dtcom Direct,DTCOM – DIRECT TO COMPANY S.A.,03.303.999/0001-36,3303999000136
DXCO3,Dexco,DURATEX S.A.,97.837.181/0001-47,97837181000147
EALT3,Aco Altona,ELECTRO ACO ALTONA S.A.,82.643.537/0001-34,82643537000134
EALT4,Aco Altona,ELECTRO ACO ALTONA S.A.,82.643.537/0001-34,82643537000134
ECOR3,Ecorodovias,ECORODOVIAS INFRAESTRUTURA E LOGÍSTICA S.A.,04.149.454/0001-80,4149454000180
EEEL3,Ceee-T,CIA ESTADUAL GER.TRANS.ENER.ELET-CEEE-GT,92.715.812/0001-31,92715812000131
EEEL4,Ceee-T,CIA ESTADUAL GER.TRANS.ENER.ELET-CEEE-GT,92.715.812/0001-31,92715812000131
EGIE3,Engie Brasil,ENGIE BRASIL ENERGIA S.A.,02.474.103/0001-19,2474103000119
EKTR3,Elektro,ELEKTRO REDES S.A.,02.328.280/0001-97,2328280000197
EKTR4,Elektro,ELEKTRO REDES S.A.,02.328.280/0001-97,2328280000197
ELET3,Eletrobras,CENTRAIS ELET BRAS S.A. – ELETROBRAS,00.001.180/0001-26,1180000126
ELET5,Eletrobras,CENTRAIS ELET BRAS S.A. – ELETROBRAS,00.001.180/0001-26,1180000126
ELET6,Eletrobras,CENTRAIS ELET BRAS S.A. – ELETROBRAS,00.001.180/0001-26,1180000126
ELMD3,Eletromidia,ELETROMIDIA S.A.,09.347.516/0001-81,9347516000181
EMAE3,Emae,EMAE – EMPRESA METROP.AGUAS ENERGIA S.A.,02.302.101/0001-42,2302101000142
EMAE4,Emae,EMAE – EMPRESA METROP.AGUAS ENERGIA S.A.,02.302.101/0001-42,2302101000142
EMBR3,Embraer,EMBRAER S.A.,07.689.002/0001-89,7689002000189
ENAT3,Enauta Part,ENAUTA PARTICIPAÇÕES S.A.,11.669.021/0001-10,11669021000110
ENBR3,Energias BR,EDP – ENERGIAS DO BRASIL S.A.,03.983.431/0001-03,3983431000103
ENEV3,Eneva,ENEVA S.A,04.423.567/0001-21,4423567000121
ENGI11,Energisa,ENERGISA S.A.,00.864.214/0001-06,864214000106
ENGI3,Energisa,ENERGISA S.A.,00.864.214/0001-06,864214000106
ENGI4,Energisa,ENERGISA S.A.,00.864.214/0001-06,864214000106
ENJU3,Enjoei,ENJOEI.COM.BR ATIVIDADES DE INTERNET S.A.,16.922.038/0001-51,16922038000151
ENMT3,Energisa Mt,ENERGISA MATO GROSSO-DISTRIBUIDORA DE ENERGIA S/A,03.467.321/0001-99,3467321000199
ENMT4,Energisa Mt,ENERGISA MATO GROSSO-DISTRIBUIDORA DE ENERGIA S/A,03.467.321/0001-99,3467321000199
EPAR3,Embpar S/A,EMBPAR PARTICIPACOES S.A.,42.331.462/0001-31,42331462000131
EQMA3B,Eqtl Maranhao,EQUATORIAL MARANHÃO DISTRIBUIDORA DE ENERGIA S.A.,06.272.793/0001-84,6272793000184
EQMA5B,Eqtl Maranhao,EQUATORIAL MARANHÃO DISTRIBUIDORA DE ENERGIA S.A.,06.272.793/0001-84,6272793000184
EQMA6B,Eqtl Maranhao,EQUATORIAL MARANHÃO DISTRIBUIDORA DE ENERGIA S.A.,06.272.793/0001-84,6272793000184
EQPA3,Eqtl Para,EQUATORIAL PARA DISTRIBUIDORA DE ENERGIA S.A.,04.895.728/0001-80,4895728000180
EQPA5,Eqtl Para,EQUATORIAL PARA DISTRIBUIDORA DE ENERGIA S.A.,04.895.728/0001-80,4895728000180
EQPA6,Eqtl Para,EQUATORIAL PARA DISTRIBUIDORA DE ENERGIA S.A.,04.895.728/0001-80,4895728000180
EQPA7,Eqtl Para,EQUATORIAL PARA DISTRIBUIDORA DE ENERGIA S.A.,04.895.728/0001-80,4895728000180
EQTL3,Equatorial,EQUATORIAL ENERGIA S.A.,03.220.438/0001-73,3220438000173
ESPA3,Espacolaser,MPM CORPÓREOS S.A.,26.659.061/0001-59,26659061000159
ESTR3,Estrela,MANUFATURA DE BRINQUEDOS ESTRELA S.A.,61.082.004/0001-50,61082004000150
ESTR4,Estrela,MANUFATURA DE BRINQUEDOS ESTRELA S.A.,61.082.004/0001-50,61082004000150
ETER3,Eternit,ETERNIT S.A.,61.092.037/0001-81,61092037000181
EUCA3,Eucatex,EUCATEX S.A. INDUSTRIA E COMERCIO,56.643.018/0001-66,56643018000166
EUCA4,Eucatex,EUCATEX S.A. INDUSTRIA E COMERCIO,56.643.018/0001-66,56643018000166
EUFA3,Elfa,Elfa Medicamentos S.A.,61.190.096/0001-92,61190096000192
EVEN3,Even,EVEN CONSTRUTORA E INCORPORADORA S.A.,43.470.988/0001-65,43470988000165
EZTC3,Eztec,EZ TEC EMPREEND. E PARTICIPACOES S.A.,08.312.229/0001-73,8312229000173
FESA3,Ferbasa,CIA FERRO LIGAS DA BAHIA – FERBASA,15.141.799/0001-03,15141799000103
FESA4,Ferbasa,CIA FERRO LIGAS DA BAHIA – FERBASA,15.141.799/0001-03,15141799000103
FHER3,Fer Heringer,FERTILIZANTES HERINGER S.A.,22.266.175/0001-88,22266175000188
FIGE3,Invest Bemge,INVESTIMENTOS BEMGE S.A.,01.548.981/0001-79,1548981000179
FIGE4,Invest Bemge,INVESTIMENTOS BEMGE S.A.,01.548.981/0001-79,1548981000179
FIQE3,Unifique,UNIFIQUE TELECOMUNICAÇÕES S.A.,02.255.187/0001-08,2255187000108
FLEX3,Flex S/A,FLEX GESTÃO DE RELACIONAMENTOS S.A.,10.851.805/0001-00,10851805000100
FLRY3,Fleury,FLEURY S.A.,60.840.055/0001-31,60840055000131
FRAS3,Fras-Le,FRAS-LE S.A.,88.610.126/0001-29,88610126000129
FRIO3,Metalfrio,METALFRIO SOLUTIONS S.A.,04.821.041/0001-08,4821041000108
FRRN3B,All Norte,RUMO MALHA NORTE S.A.,24.962.466/0001-36,24962466000136
FRRN5B,All Norte,RUMO MALHA NORTE S.A.,24.962.466/0001-36,24962466000136
FRRN6B,All Norte,RUMO MALHA NORTE S.A.,24.962.466/0001-36,24962466000136
FRTA3,Pomifrutas,POMIFRUTAS S/A,86.550.951/0001-50,86550951000150
G2DI33,G2d Invest,G2D INVESTMENTS LTD,38.307.135/0001-77,38307135000177
GEPA3,Ger Paranap,RIO PARANAPANEMA ENERGIA S.A.,02.998.301/0001-81,2998301000181
GEPA4,Ger Paranap,RIO PARANAPANEMA ENERGIA S.A.,02.998.301/0001-81,2998301000181
GFSA3,Gafisa,GAFISA S.A.,01.545.826/0001-07,1545826000107
GGBR3,Gerdau,GERDAU S.A.,33.611.500/0001-19,33611500000119
GGBR4,Gerdau,GERDAU S.A.,33.611.500/0001-19,33611500000119
GGPS3,Gps,GPS PARTICIPACOES E EMPREENDIMENTOS S.A.,09.229.201/0001-30,9229201000130
GMAT3,Grupo Mateus,GRUPO MATEUS S.A.,24.990.777/0001-09,24990777000109
GOAU3,Gerdau Met,METALURGICA GERDAU S.A.,92.690.783/0001-09,92690783000109
GOAU4,Gerdau Met,METALURGICA GERDAU S.A.,92.690.783/0001-09,92690783000109
GOLL3,Gol,GOL LINHAS AEREAS INTELIGENTES S.A.,06.164.253/0001-87,6164253000187
GOLL4,Gol,GOL LINHAS AEREAS INTELIGENTES S.A.,06.164.253/0001-87,6164253000187
GPAR3,Celgpar,CIA CELG DE PARTICIPACOES – CELGPAR,08.560.444/0001-93,8560444000193
GPIV33,GP Invest,"GP INVESTMENTS, LTD.",07.857.850/0001-50,7857850000150
GRAO3,Agribrasil,HUMBERG AGRIBRASIL COM. E EXPORT. DE GRÃOS S.A.,18.483.666/0001-03,18483666000103
GRND3,Grendene,GRENDENE S.A.,89.850.341/0001-60,89850341000160
GSHP3,Generalshopp,GENERAL SHOPPING E OUTLETS DO BRASIL S.A.,08.764.621/0001-53,8764621000153
GUAR3,Guararapes,GUARARAPES CONFECCOES S.A.,08.402.943/0001-52,8402943000152
HAGA3,Haga S/A,HAGA S.A. INDUSTRIA E COMERCIO,30.540.991/0001-66,30540991000166
HAGA4,Haga S/A,HAGA S.A. INDUSTRIA E COMERCIO,30.540.991/0001-66,30540991000166
HAPV3,Hapvida,HAPVIDA PARTICIPACOES E INVESTIMENTOS SA,05.197.443/0001-38,5197443000138
HBOR3,Helbor,HELBOR EMPREENDIMENTOS S.A.,49.263.189/0001-02,49263189000102
HBRE3,Hbr Realty,HBR REALTY EMPREENDIMENTOS IMOBILIARIOS S/A,14.785.152/0001-51,14785152000151
HBSA3,Hidrovias,HIDROVIAS DO BRASIL S.A.,12.648.327/0001-53,12648327000153
HBTS3,Habitasul,CIA HABITASUL DE PARTICIPACOES,87.762.563/0001-03,87762563000103
HBTS5,Habitasul,CIA HABITASUL DE PARTICIPACOES,87.762.563/0001-03,87762563000103
HBTS6,Habitasul,CIA HABITASUL DE PARTICIPACOES,87.762.563/0001-03,87762563000103
HETA3,Hercules,HERCULES S.A. FABRICA DE TALHERES,92.749.225/0001-63,92749225000163
HETA4,Hercules,HERCULES S.A. FABRICA DE TALHERES,92.749.225/0001-63,92749225000163
HMOB3,Hmobi S/A,HMOBI PARTICIPAÇÕES S.A.,40.159.947/0001-64,40159947000164
HOOT3,Hoteis Othon,HOTEIS OTHON S.A.,33.200.049/0001-47,33200049000147
HOOT4,Hoteis Othon,HOTEIS OTHON S.A.,33.200.049/0001-47,33200049000147
HYPE3,Hypera,HYPERA S.A.,02.932.074/0001-91,2932074000191
IFCM3,Infracomm,NFRACOMMERCE CXAAS S.A.,38.456.921/0001-36,38456921000136
IGBR3,IGB S/A,IGB ELETRÔNICA S/A,43.185.362/0001-07,43185362000107
IGSN3,Igua SA,IGUA SANEAMENTO S.A.,08.159.965/0001-33,8159965000133
IGTI11,Iguatemi SA,JEREISSATI PARTICIPACOES S.A.,60.543.816/0001-93,60543816000193
IGTI3,Iguatemi SA,JEREISSATI PARTICIPACOES S.A.,60.543.816/0001-93,60543816000193
IGTI4,Iguatemi SA,JEREISSATI PARTICIPACOES S.A.,60.543.816/0001-93,60543816000193
INEP3,Inepar,INEPAR S.A. INDUSTRIA E CONSTRUCOES,76.627.504/0001-06,76627504000106
INEP4,Inepar,INEPAR S.A. INDUSTRIA E CONSTRUCOES,76.627.504/0001-06,76627504000106
INNT3,Inter SA,INTER CONSTRUTORA E INCORPORADORA S.A.,09.611.768/0001-76,9611768000176
INTB3,Intelbras,INTELBRAS S.A. IND DE TELEC ELETRONICA BRASILEIRA,82.901.000/0001-27,82901000000127
IRBR3,Irbbrasil Re,IRB – BRASIL RESSEGUROS S.A.,33.376.989/0001-91,33376989000191
ITSA3,Itausa,ITAUSA S.A.,61.532.644/0001-15,61532644000115
ITSA4,Itausa,ITAUSA S.A.,61.532.644/0001-15,61532644000115
ITUB3,ItauUnibanco,ITAU UNIBANCO HOLDING S.A.,60.872.504/0001-23,60872504000123
ITUB4,ItauUnibanco,ITAU UNIBANCO HOLDING S.A.,60.872.504/0001-23,60872504000123
IVPR3B,Invepar,INVESTIMENTOS E PARTICIP. EM INFRA S.A. – INVEPAR,03.758.318/0001-24,3758318000124
IVPR4B,Invepar,INVESTIMENTOS E PARTICIP. EM INFRA S.A. – INVEPAR,03.758.318/0001-24,3758318000124
JALL3,Jallesmachad,JALLES MACHADO S.A.,02.635.522/0001-95,2635522000195
JBSS3,JBS,JBS S.A.,02.916.265/0001-60,2916265000160
JFEN3,JOAO FORTES,JOAO FORTES ENGENHARIA S.A.,33.035.536/0001-00,33035536000100
JHSF3,JHSF Part,JHSF PARTICIPACOES S.A.,08.294.224/0001-65,8294224000165
JOPA3,Josapar,JOSAPAR-JOAQUIM OLIVEIRA S.A. – PARTICIP,87.456.562/0001-22,87456562000122
JOPA4,Josapar,JOSAPAR-JOAQUIM OLIVEIRA S.A. – PARTICIP,87.456.562/0001-22,87456562000122
JSLG3,JSL,JSL S.A.,52.548.435/0001-79,52548435000179
KEPL3,Kepler Weber,KEPLER WEBER S.A.,91.983.056/0001-69,91983056000169
KLAS3,Kallas,KALLAS INCORPORACOES E CONSTRUCOES S.A.,09.146.451/0001-06,9146451000106
KLBN11,Klabin S/A,KLABIN S.A.,89.637.490/0001-45,89637490000145
KLBN3,Klabin S/A,KLABIN S.A.,89.637.490/0001-45,89637490000145
KLBN4,Klabin S/A,KLABIN S.A.,89.637.490/0001-45,89637490000145
KRSA3,Kora Saude,KORA SAÚDE PARTICIPAÇÕES S.A,13.270.520/0001-66,13270520000166
LAND3,Terrasantapa,TERRA SANTA PROPRIEDADES AGRICOLAS S.A.,40.337.136/0001-06,40337136000106
LAVV3,Lavvi,LAVVI EMPREENDIMENTOS IMOBILIÁRIOS S.A.,26.462.693/0001-28,26462693000128
LEVE3,Metal Leve,MAHLE-METAL LEVE S.A.,60.476.884/0001-87,60476884000187
LIGT3,Light S/A,LIGHT S.A.,03.378.521/0001-75,3378521000175
LIPR3,Eletropar,ELETROBRÁS PARTICIPAÇÕES S.A. – ELETROPAR,01.104.937/0001-70,1104937000170
LJQQ3,Quero-Quero,LOJAS QUERO-QUERO S/A,96.418.264/0218-02,96418264021802
LLBI3,Le Biscuit,LOJAS LE BISCUIT S.A.,16.233.389/0001-55,16233389000155
LLBI4,Le Biscuit,LOJAS LE BISCUIT S.A.,16.233.389/0001-55,16233389000155
LMED3,Lifemed,LIFEMED INDUSTRIAL EQUIP. DE ART. MÉD. HOSP. S.A.,02.357.251/0001-53,2357251000153
LOGG3,Log Com Prop,LOG COMMERCIAL PROPERTIES,09.041.168/0001-10,9041168000110
LOGN3,Log-In,LOG-IN LOGISTICA INTERMODAL S.A.,42.278.291/0001-24,42278291000124
LPSB3,Lopes Brasil,LPS BRASIL – CONSULTORIA DE IMOVEIS S.A.,08.078.847/0001-09,8078847000109
LREN3,Lojas Renner,LOJAS RENNER S.A.,92.754.738/0001-62,92754738000162
LTEL3B,Litel,LITEL PARTICIPACOES S.A.,00.743.065/0001-27,743065000127
LTLA3B,Litela,LITELA PARTICIPAÇÕES S.A.,05.495.546/0001-84,5495546000184
LUPA3,Lupatech,LUPATECH S.A.,89.463.822/0001-12,89463822000112
LUXM3,Trevisa,TREVISA INVESTIMENTOS S.A.,92.660.570/0001-26,92660570000126
LUXM4,Trevisa,TREVISA INVESTIMENTOS S.A.,92.660.570/0001-26,92660570000126
LVTC3,Wdc Networks,LIVETECH DA BAHIA INDUSTRIA E COMERCIO S.A,05.917.486/0001-40,5917486000140
LWSA3,Locaweb,LOCAWEB SERVIÇOS DE INTERNET S.A.,02.351.877/0001-52,2351877000152
MAPT3,Cemepe,CEMEPE INVESTIMENTOS S.A.,93.828.986/0001-73,93828986000173
MAPT4,Cemepe,CEMEPE INVESTIMENTOS S.A.,93.828.986/0001-73,93828986000173
MATD3,Mater Dei,HOSPITAL MATER DEI AS,16.676.520/0001-59,16676520000159
MBLY3,Mobly,Mobly S.A.,31.553.627/0001-01,31553627000101
MDIA3,M.Diasbranco,M.DIAS BRANCO S.A. IND COM DE ALIMENTOS,07.206.816/0001-15,7206816000115
MDNE3,Moura Dubeux,MOURA DUBEUX ENGENHARIA S/A,12.049.631/0001-84,12049631000184
MEAL3,Imc S/A,INTERNATIONAL MEAL COMPANY ALIMENTACAO S.A.,17.314.329/0001-20,17314329000120
MEGA3,Omegaenergia,OMEGA ENERGIA S.A.,42.500.384/0001-51,42500384000151
MELK3,Melnick,MELNICK DESENVOLVIMENTO IMOBILIÁRIO S.A.,12.181.987/0001-77,12181987000177
MERC3,Merc Financ,MERCANTIL BRASIL FINANC S.A. C.F.I.,33.040.601/0001-87,33040601000187
MERC4,Merc Financ,MERCANTIL BRASIL FINANC S.A. C.F.I.,33.040.601/0001-87,33040601000187
MGEL3,Mangels Indl,MANGELS INDUSTRIAL S.A.,61.065.298/0001-02,61065298000102
MGEL4,Mangels Indl,MANGELS INDUSTRIAL S.A.,61.065.298/0001-02,61065298000102
MGLU3,Magaz Luiza,MAGAZINE LUIZA S.A.,47.960.950/0001-21,47960950000121
MILS3,Mills,MILLS ESTRUTURAS E SERVIÇOS DE ENGENHARIA S.A.,27.093.558/0001-15,27093558000115
MLAS3,Multilaser,MULTILASER INDUSTRIAL S.A.,59.717.553/0001-02,59717553000102
MMAQ3,Minasmaquina,MINASMAQUINAS S.A.,17.161.241/0001-15,17161241000115
MMAQ4,Minasmaquina,MINASMAQUINAS S.A.,17.161.241/0001-15,17161241000115
MNDL3,Mundial,MUNDIAL S.A. – PRODUTOS DE CONSUMO,88.610.191/0001-54,88610191000154
MNPR3,Minupar,MINUPAR PARTICIPACOES S.A.,90.076.886/0001-40,90076886000140
MNZC3B,Menezes Cort,TERMINAL GARAGEM MENEZES CORTES S.A.,02.664.042/0001-52,2664042000152
MOAR3,Mont Aranha,MONTEIRO ARANHA S.A.,33.102.476/0001-92,33102476000192
MODL3,Modalmais,BANCO MODAL S.A,30.723.886/0001-62,30723886000162
MOVI3,Movida,MOVIDA PARTICIPACOES SA,21.314.559/0001-66,21314559000166
MRFG3,Marfrig,MARFRIG GLOBAL FOODS S.A.,03.853.896/0001-40,3853896000140
MRSA3B,Mrs Logist,MRS LOGISTICA S.A.,01.417.222/0001-77,1417222000177
MRSA5B,Mrs Logist,MRS LOGISTICA S.A.,01.417.222/0001-77,1417222000177
MRSA6B,Mrs Logist,MRS LOGISTICA S.A.,01.417.222/0001-77,1417222000177
MRVE3,MRV,MRV ENGENHARIA E PARTICIPACOES S.A.,08.343.492/0001-20,8343492000120
MSPA3,Melhor SP,CIA MELHORAMENTOS DE SAO PAULO,60.730.348/0001-66,60730348000166
MSPA4,Melhor SP,CIA MELHORAMENTOS DE SAO PAULO,60.730.348/0001-66,60730348000166
MSRO3,Maestroloc,MAESTRO LOCADORA DE VEICULOS S.A.,08.795.211/0001-70,8795211000170
MTRE3,Mitre Realty,MITRE REALTY EMPREENDIMENTOS E PARTICIPAÇÕES S.A.,07.882.930/0001-65,7882930000165
MTSA3,Metisa,METISA METALURGICA TIMBOENSE S.A.,86.375.425/0001-09,86375425000109
MTSA4,Metisa,METISA METALURGICA TIMBOENSE S.A.,86.375.425/0001-09,86375425000109
MULT3,Multiplan,MULTIPLAN – EMPREEND IMOBILIARIOS S.A.,07.816.890/0001-53,7816890000153
MWET3,Wetzel S/A,WETZEL S.A.,84.683.671/0001-94,84683671000194
MWET4,Wetzel S/A,WETZEL S.A.,84.683.671/0001-94,84683671000194
MYPK3,Iochp-Maxion,IOCHPE MAXION S.A.,61.156.113/0001-75,61156113000175
NEMO3,Suzano Hold,SUZANO HOLDING S.A.,60.651.809/0001-05,60651809000105
NEMO5,Suzano Hold,SUZANO HOLDING S.A.,60.651.809/0001-05,60651809000105
NEMO6,Suzano Hold,SUZANO HOLDING S.A.,60.651.809/0001-05,60651809000105
NEOE3,Neoenergia,NEOENERGIA S.A.,01.083.200/0001-18,1083200000118
NEXP3,NEXPE,NEXPE PARTICIPAÇÕES S.A,08.613.550/0001-98,8613550000198
NGRD3,Neogrid,NEOGRID PARTICIPACOES S.A.,10.139.870/0001-08,10139870000108
NINJ3,Getninjas,GETNINJAS S.A.,14.127.813/0001-51,14127813000151
NORD3,Nordon Met,NORDON INDUSTRIAS METALURGICAS S.A.,60.884.319/0001-59,60884319000159
NRTQ3,Nortcquimica,NORTEC QUÍMICA S.A.,29.950.060/0001-57,29950060000157
NTCO3,Grupo Natura,NATURA &CO HOLDING S.A.,32.785.497/0001-97,32785497000197
NUBR33,NU-NUBANK,NU HOLDINGS LTD,24.410.913/0001-44,24410913000144
NUTR3,Nutriplant,NUTRIPLANT INDUSTRIA E COMERCIO S.A.,51.128.999/0001-90,51128999000190
ODER3,Oderich,CONSERVAS ODERICH S.A.,97.191.902/0001-94,97191902000194
ODER4,Oderich,CONSERVAS ODERICH S.A.,97.191.902/0001-94,97191902000194
ODPV3,Odontoprev,ODONTOPREV S.A.,58.119.199/0001-51,58119199000151
OFSA3,Ourofino S/A,OURO FINO SAUDE ANIMAL PARTICIPACOES S.A.,20.258.278/0001-70,20258278000170
OIBR3,Oi,OI S.A.,76.535.764/0001-43,76535764000143
OIBR4,Oi,OI S.A.,76.535.764/0001-43,76535764000143
ONCO3,Oncoclinicas,ONCOCLINICAS DO BRASIL SERVICOS MEDICOS S.A.,12.104.241/0004-02,12104241000402
OPCT3,Oceanpact,OCEANPACT SERVICOS MARITIMOS S.A.,09.114.805/0001-30,9114805000130
OPGM3B,Gama Part,GAMA PARTICIPACOES S.A.,02.796.775/0001-40,2796775000140
OPSE3B,Sudeste S/A,SUDESTE S.A.,02.062.747/0001-08,2062747000108
OPTS3B,Sul 116 Part,SUL 116 PARTICIPACOES S.A.,01.957.772/0001-89,1957772000189
ORVR3,Orizon,ORIZON VALORIZACAO DE RESIDUOS S.A.,11.421.994/0001-36,11421994000136
OSXB3,OSX Brasil,OSX BRASIL S.A.,09.112.685/0001-32,9112685000132
PARD3,Ihpardini,INSTITUTO HERMES PARDINI S.A.,19.378.769/0001-76,19378769000176
PASS3,Compass Gas,COMPASS GÁS E ENERGIA S.A.,21.389.501/0001-81,21389501000181
PASS6,Compass Gas,COMPASS GÁS E ENERGIA S.A.,21.389.501/0001-81,21389501000181
PATI3,Panatlantica,PANATLANTICA S.A.,92.693.019/0001-89,92693019000189
PATI4,Panatlantica,PANATLANTICA S.A.,92.693.019/0001-89,92693019000189
PCAR3,P.Acucar-Cbd,CIA BRASILEIRA DE DISTRIBUICAO,47.508.411/0001-56,47508411000156
PDGR3,PDG Realt,PDG REALTY S.A. EMPREEND E PARTICIPACOES,02.950.811/0001-89,2950811000189
PDTC3,Padtec,PADTEC HOLDING S.A.,02.365.069/0001-44,2365069000144
PEAB3,Par Al Bahia,CIA PARTICIPACOES ALIANCA DA BAHIA,01.938.783/0001-11,1938783000111
PEAB4,Par Al Bahia,CIA PARTICIPACOES ALIANCA DA BAHIA,01.938.783/0001-11,1938783000111
PETR3,Petrobras,PETROLEO BRASILEIRO S.A. PETROBRAS,33.000.167/0001-01,33000167000101
PETR4,Petrobras,PETROLEO BRASILEIRO S.A. PETROBRAS,33.000.167/0001-01,33000167000101
PETZ3,Petz,PET CENTER COMERCIO  E PARTICIPACOES S.A.,18.328.118/0001-09,18328118000109
PFRM3,Profarma,PROFARMA DISTRIB PROD FARMACEUTICOS S.A.,45.453.214/0001-51,45453214000151
PGMN3,Pague Menos,EMPREENDIMENTOS PAGUE MENOS S.A.,06.626.253/0001-51,6626253000151
PINE3,Pine,BCO PINE S.A.,62.144.175/0001-20,62144175000120
PINE4,Pine,BCO PINE S.A.,62.144.175/0001-20,62144175000120
PLAS3,Plascar Part,PLASCAR PARTICIPACOES INDUSTRIAIS S.A.,51.928.174/0001-50,51928174000150
PLPL3,Planoeplano,PLANO & PLANO DESENVOLVIMENTO IMOBILIÁRIO S.A.,24.230.275/0001-80,24230275000180
PMAM3,Paranapanema,PARANAPANEMA S.A.,60.398.369/0001-26,60398369000126
PNVL3,Dimed,DIMED S.A. DISTRIBUIDORA DE MEDICAMENTOS,92.665.611/0001-77,92665611000177
POMO3,Marcopolo,MARCOPOLO S.A.,88.611.835/0001-29,88611835000129
POMO4,Marcopolo,MARCOPOLO S.A.,88.611.835/0001-29,88611835000129
PORT3,Wilson Sons,WILSON SONS HOLDINGS BRASIL S.A.,33.130.691/0001-05,33130691000105
POSI3,Positivo Tec,POSITIVO TECNOLOGIA S.A.,81.243.735/0001-48,81243735000148
PPAR3,Polpar,POLPAR S.A.,59.789.545/0001-71,59789545000171
PPLA11,Ppla,PPLA PARTICIPATIONS LTD.,15.073.274/0001-88,15073274000188
PRIO3,Petrorio,PETRO RIO S.A.,10.629.105/0001-68,10629105000168
PRNR3,Priner,PRINER SERVIÇOS INDUSTRIAIS S.A.,18.593.815/0001-97,18593815000197
PRPT3B,Prompt Part,PROMPT PARTICIPACOES S.A.,02.992.449/0001-09,2992449000109
PSSA3,Porto Seguro,PORTO SEGURO S.A.,02.149.205/0001-69,2149205000169
PTBL3,Portobello,PBG S/A,83.475.913/0001-91,83475913000191
PTCA11,Pratica,PRATICA KLIMAQUIP INDUSTRIA E COMERCIO SA,08.574.411/0001-00,8574411000100
PTCA3,Pratica,PRATICA KLIMAQUIP INDUSTRIA E COMERCIO SA,08.574.411/0001-00,8574411000100
PTNT3,Pettenati,PETTENATI S.A. INDUSTRIA TEXTIL,88.613.658/0001-10,88613658000110
PTNT4,Pettenati,PETTENATI S.A. INDUSTRIA TEXTIL,88.613.658/0001-10,88613658000110
QUAL3,Qualicorp,QUALICORP CONSULTORIA E CORRETORA DE SEGUROS S.A.,11.992.680/0001-93,11992680000193
QUSW3,Quality Soft,QUALITY SOFTWARE S.A.,35.791.391/0001-94,35791391000194
QVQP3B,524 Particip,524 PARTICIPACOES S.A.,01.851.771/0001-55,1851771000155
RADL3,RaiaDrogasil,RAIA DROGASIL S.A.,61.585.865/0001-51,61585865000151
RAIL3,Rumo S.A.,RUMO S.A.,02.387.241/0001-60,2387241000160
RAIZ4,Raizen,RAIZEN S.A.,33.453.598/0001-23,33453598000123
RANI3,Irani,IRANI PAPEL E EMBALAGEM S.A.,92.791.243/0001-03,92791243000103
RAPT3,Randon Part,RANDON S.A. IMPLEMENTOS E PARTICIPACOES,89.086.144/0001-16,89086144000116
RAPT4,Randon Part,RANDON S.A. IMPLEMENTOS E PARTICIPACOES,89.086.144/0001-16,89086144000116
RBNS11,Rodobens,RODOBENS S.A,59.981.829/0001-65,59981829000165
RCSL3,Recrusul,RECRUSUL S.A.,91.333.666/0001-17,91333666000117
RCSL4,Recrusul,RECRUSUL S.A.,91.333.666/0001-17,91333666000117
RDNI3,Rni,RNI NEGÓCIOS IMOBILIÁRIOS S.A.,67.010.660/0001-24,67010660000124
RDOR3,Rede D Or,Rede DOr São Luiz S.A.,06.047.087/0001-39,6047087000139
RECV3,Petrorecsa,PETRORECÔNCAVO S.A.,03.342.704/0001-30,3342704000130
REDE3,Rede Energia,REDE ENERGIA PARTICIPAÇÕES S.A.,61.584.140/0001-49,61584140000149
RENT3,Localiza,LOCALIZA RENT A CAR S.A.,16.670.085/0001-55,16670085000155
RNEW11,Renova,RENOVA ENERGIA S.A.,08.534.605/0001-74,8534605000174
RNEW3,Renova,RENOVA ENERGIA S.A.,08.534.605/0001-74,8534605000174
RNEW4,Renova,RENOVA ENERGIA S.A.,08.534.605/0001-74,8534605000174
ROMI3,Inds Romi,INDUSTRIAS ROMI S.A.,56.720.428/0001-63,56720428000163
RPAD3,Alfa Holding,ALFA HOLDINGS S.A.,17.167.396/0001-69,17167396000169
RPAD5,Alfa Holding,ALFA HOLDINGS S.A.,17.167.396/0001-69,17167396000169
RPAD6,Alfa Holding,ALFA HOLDINGS S.A.,17.167.396/0001-69,17167396000169
RPMG3,Pet Manguinh,REFINARIA DE PETROLEOS MANGUINHOS S.A.,33.412.081/0001-96,33412081000196
RRRP3,3r Petroleum,3R PETROLEUM ÓLEO E GÁS S.A,12.091.809/0001-55,12091809000155
RSID3,Rossi Resid,ROSSI RESIDENCIAL S.A.,61.065.751/0001-80,61065751000180
RSUL3,Riosulense,METALURGICA RIOSULENSE S.A.,85.778.074/0001-06,85778074000106
RSUL4,Riosulense,METALURGICA RIOSULENSE S.A.,85.778.074/0001-06,85778074000106
SANB11,Santander BR,BCO SANTANDER (BRASIL) S.A.,90.400.888/0001-42,90400888000142
SANB3,Santander BR,BCO SANTANDER (BRASIL) S.A.,90.400.888/0001-42,90400888000142
SANB4,Santander BR,BCO SANTANDER (BRASIL) S.A.,90.400.888/0001-42,90400888000142
SANB99,Santander BR,BCO SANTANDER (BRASIL) S.A.,90.400.888/0001-42,90400888000142
SAPR11,Sanepar,CIA SANEAMENTO DO PARANA – SANEPAR,76.484.013/0001-45,76484013000145
SAPR3,Sanepar,CIA SANEAMENTO DO PARANA – SANEPAR,76.484.013/0001-45,76484013000145
SAPR4,Sanepar,CIA SANEAMENTO DO PARANA – SANEPAR,76.484.013/0001-45,76484013000145
SBFG3,Grupo Sbf,GRUPO SBF SA,13.217.485/0001-11,13217485000111
SBSP3,Sabesp,CIA SANEAMENTO BASICO EST SAO PAULO,43.776.517/0001-80,43776517000180
SCAR3,Sao Carlos,SAO CARLOS EMPREEND E PARTICIPACOES S.A.,29.780.061/0001-09,29780061000109
SEER3,Ser Educa,SER EDUCACIONAL S.A.,04.986.320/0001-13,4986320000113
SEQL3,Sequoia Log,SEQUOIA LOGISTICA E TRANSPORTES S.A,01.599.101/0001-93,1599101000193
SGPS3,Springs,SPRINGS GLOBAL PARTICIPACOES S.A.,07.718.269/0001-57,7718269000157
SHOW3,Time For Fun,T4F ENTRETENIMENTO S.A.,02.860.694/0001-62,2860694000162
SHUL3,Schulz,SCHULZ S.A.,84.693.183/0001-68,84693183000168
SHUL4,Schulz,SCHULZ S.A.,84.693.183/0001-68,84693183000168
SIMH3,Simpar,SIMPAR S.A.,07.415.333/0001-20,7415333000120
SLCE3,SLC Agricola,SLC AGRICOLA S.A.,89.096.457/0001-55,89096457000155
SLED3,Saraiva Livr,SARAIVA LIVREIROS S.A. – EM RECUPERAÇÃO JUDICIAL,60.500.139/0001-26,60500139000126
SLED4,Saraiva Livr,SARAIVA LIVREIROS S.A. – EM RECUPERAÇÃO JUDICIAL,60.500.139/0001-26,60500139000126
SMFT3,Smart Fit,SMARTFIT ESCOLA DE GINÁSTICA E DANÇA S.A.,07.594.978/0001-78,7594978000178
SMTO3,Sao Martinho,SAO MARTINHO S.A.,51.466.860/0001-56,51466860000156
SNSY3,Sansuy,SANSUY S.A. INDUSTRIA DE PLASTICOS,14.807.945/0001-24,14807945000124
SNSY5,Sansuy,SANSUY S.A. INDUSTRIA DE PLASTICOS,14.807.945/0001-24,14807945000124
SNSY6,Sansuy,SANSUY S.A. INDUSTRIA DE PLASTICOS,14.807.945/0001-24,14807945000124
SOJA3,Boa Safra,BOA SAFRA SEMENTES S.A.,10.807.374/0001-77,10807374000177
SOMA3,Grupo Soma,GRUPO DE MODA SOMA S.A.,10.285.590/0001-08,10285590000108
SOND3,Sondotecnica,SONDOTECNICA ENGENHARIA SOLOS S.A.,33.386.210/0001-19,33386210000119
SOND5,Sondotecnica,SONDOTECNICA ENGENHARIA SOLOS S.A.,33.386.210/0001-19,33386210000119
SOND6,Sondotecnica,SONDOTECNICA ENGENHARIA SOLOS S.A.,33.386.210/0001-19,33386210000119
SQIA3,Sinqia,SINQIA S.A.,04.065.791/0001-99,4065791000199
STBP3,Santos Brp,SANTOS BRASIL PARTICIPACOES S.A.,02.762.121/0001-04,2762121000104
STKF3,Statkraft,STATKRAFT ENERGIAS RENOVAVEIS S.A.,00.622.416/0001-41,622416000141
SUZB3,Suzano S.A.,SUZANO S.A.,16.404.287/0001-55,16404287000155
SYNE3,Syn Prop Tec,SYN PROP E TECH S.A.,08.801.621/0001-86,8801621000186
TAEE11,Taesa,TRANSMISSORA ALIANÇA DE ENERGIA ELÉTRICA S.A.,07.859.971/0001-30,7859971000130
TAEE3,Taesa,TRANSMISSORA ALIANÇA DE ENERGIA ELÉTRICA S.A.,07.859.971/0001-30,7859971000130
TAEE4,Taesa,TRANSMISSORA ALIANÇA DE ENERGIA ELÉTRICA S.A.,07.859.971/0001-30,7859971000130
TASA3,Taurus Armas,TAURUS ARMAS S.A.,92.781.335/0001-02,92781335000102
TASA4,Taurus Armas,TAURUS ARMAS S.A.,92.781.335/0001-02,92781335000102
TCNO3,Tecnosolo,TECNOSOLO ENGENHARIA S.A.,33.111.246/0001-90,33111246000190
TCNO4,Tecnosolo,TECNOSOLO ENGENHARIA S.A.,33.111.246/0001-90,33111246000190
TCSA3,Tecnisa,TECNISA S.A.,08.065.557/0001-12,8065557000112
TECN3,Technos,TECHNOS S.A.,09.295.063/0001-97,9295063000197
TEGA3,Tegra Incorp,TEGRA INCORPORADORA S.A.,30.213.493/0001-09,30213493000109
TEKA3,Teka,TEKA-TECELAGEM KUEHNRICH S.A.,82.636.986/0001-55,82636986000155
TEKA4,Teka,TEKA-TECELAGEM KUEHNRICH S.A.,82.636.986/0001-55,82636986000155
TELB3,Telebras,TELEC BRASILEIRAS S.A. TELEBRAS,00.336.701/0001-04,336701000104
TELB4,Telebras,TELEC BRASILEIRAS S.A. TELEBRAS,00.336.701/0001-04,336701000104
TEND3,Tenda,CONSTRUTORA TENDA S.A.,71.476.527/0001-35,71476527000135
TFCO4,Track Field,TRACK & FIELD CO S.A.,59.418.806/0001-47,59418806000147
TGMA3,Tegma,TEGMA GESTAO LOGISTICA S.A.,02.351.144/0001-18,2351144000118
TIMS3,Tim,TIM S.A.,02.421.421/0001-11,2421421000111
TKNO3,Tekno,TEKNO S.A. – INDUSTRIA E COMERCIO,33.467.572/0001-34,33467572000134
TKNO4,Tekno,TEKNO S.A. – INDUSTRIA E COMERCIO,33.467.572/0001-34,33467572000134
TOTS3,Totvs,TOTVS S.A.,53.113.791/0001-22,53113791000122
TPIS3,Triunfo Part,TPI – TRIUNFO PARTICIP. E INVEST. S.A.,03.014.553/0001-91,3014553000191
TRAD3,Tc,TC TRADERS CLUB S.A.,26.345.998/0001-50,26345998000150
TRIS3,Trisul,TRISUL S.A.,08.811.643/0001-27,8811643000127
TRPL3,Tran Paulist,CTEEP – CIA TRANSMISSÃO ENERGIA ELÉTRICA PAULISTA,02.998.611/0001-04,2998611000104
TRPL4,Tran Paulist,CTEEP – CIA TRANSMISSÃO ENERGIA ELÉTRICA PAULISTA,02.998.611/0001-04,2998611000104
TTEN3,3tentos,TRÊS TENTOS AGROINDUSTRIAL SA,94.813.102/0001-70,94813102000170
TUPY3,Tupy,TUPY S.A.,84.683.374/0001-49,84683374000149
TXRX3,Tex Renaux,TEXTIL RENAUXVIEW S.A.,82.982.075/0001-80,82982075000180
TXRX4,Tex Renaux,TEXTIL RENAUXVIEW S.A.,82.982.075/0001-80,82982075000180
UCAS3,Unicasa,UNICASA INDÚSTRIA DE MÓVEIS S.A.,90.441.460/0001-48,90441460000148
UGPA3,Ultrapar,ULTRAPAR PARTICIPACOES S.A.,33.256.439/0001-39,33256439000139
UNIP3,Unipar,UNIPAR CARBOCLORO S.A.,33.958.695/0001-78,33958695000178
UNIP5,Unipar,UNIPAR CARBOCLORO S.A.,33.958.695/0001-78,33958695000178
UNIP6,Unipar,UNIPAR CARBOCLORO S.A.,33.958.695/0001-78,33958695000178
UPKP3B,Uptick,UPTICK PARTICIPACOES S.A.,02.162.616/0001-94,2162616000194
USIM3,Usiminas,USINAS SID DE MINAS GERAIS S.A.-USIMINAS,60.894.730/0001-05,60894730000105
USIM5,Usiminas,USINAS SID DE MINAS GERAIS S.A.-USIMINAS,60.894.730/0001-05,60894730000105
USIM6,Usiminas,USINAS SID DE MINAS GERAIS S.A.-USIMINAS,60.894.730/0001-05,60894730000105
VALE3,Vale,VALE S.A.,33.592.510/0001-54,33592510000154
VAMO3,Vamos,"VAMOS LOCAÇÃO DE CAMINHÕES, MÁQUINAS E EQUIP. S.A.",23.373.000/0001-32,23373000000132
VBBR3,Vibra,VIBRA ENERGIA S.A.,34.274.233/0001-02,34274233000102
VIIA3,Via,VIA S.A,33.041.260/0652-90,33041260065290
VITT3,Vittia,VITTIA FERTILIZANTES E BIOLOGICOS S.A.,45.365.558/0001-09,45365558000109
VIVA3,Vivara S.A.,VIVARA PARTICIPAÇOES S.A,33.839.910/0001-11,33839910000111
VIVR3,Viver,VIVER INCORPORADORA E CONSTRUTORA S.A.,67.571.414/0001-41,67571414000141
VIVT3,Telef Brasil,TELEFÔNICA BRASIL S.A,02.558.157/0001-62,2558157000162
VLID3,Valid,VALID SOLUÇÕES S.A.,33.113.309/0001-47,33113309000147
VSTE3,VESTE,VESTE S.A. ESTILO,49.669.856/0001-43,49669856000143
VULC3,Vulcabras,VULCABRAS/AZALEIA S.A.,50.926.955/0001-42,50926955000142
VVEO3,Viveo,CM HOSPITALAR S.A.,12.420.164/0001-57,12420164000157
WEGE3,Weg,WEG S.A.,84.429.695/0001-11,84429695000111
WEST3,Westwing,WESTWING COMERCIO VAREJISTA S.A.,14.776.142/0001-50,14776142000150
WHRL3,Whirlpool,WHIRLPOOL S.A.,59.105.999/0001-86,59105999000186
WHRL4,Whirlpool,WHIRLPOOL S.A.,59.105.999/0001-86,59105999000186
WIZC3,WIZ CO,WIZ CO PARTICIPAÇÕES E CORRETAGEM DE SEGUROS S.A.,42.278.473/0001-03,42278473000103
WLMM3,Wlm Ind Com,WLM PART. E COMÉRCIO DE MÁQUINAS E VEÍCULOS S.A.,33.228.024/0001-51,33228024000151
WLMM4,Wlm Ind Com,WLM PART. E COMÉRCIO DE MÁQUINAS E VEÍCULOS S.A.,33.228.024/0001-51,33228024000151
YBRA3B,Ybyra S/A,YBRA3 TENNOLOGIA LTDA,02.217.319/0001-07,2217319000107
YDUQ3,Yduqs Part,YDUQS PARTICIPACOES S.A.,08.807.432/0001-10,8807432000110
ZAMP3,ZAMP S.A.,ZAMP S.A.,13.574.594/0001-96,13574594000196
AZZA3,AZZAS 2154 S.A.,AZZAS 2154 S.A.,16.590.234/0001-76,
ISAE4,CTEEP,ISA ENERGIA BRASIL S.A.,02.998.611/0001-04,
